店舗名,メールアドレス,電話番号,都道府県,区市町村,番地,建物名,URL,SSL
近江屋 新宿西口店,None,050-5494-5463,東京都,新宿区,西新宿1-4-5,明広ビル3F,https://gfek623.gorp.jp/,True
レモンサワー100円＆ハイボール80円 個室居酒屋 鶏仙人 川崎店,None,050-5494-4592,神奈川県,川崎市川崎区,砂子2-4-18,藤ビル川崎5F,https://gh8e404.gorp.jp/,True
鶏料理専門店×個室 とりかく 新宿野村ビル店,None,050-5484-7258,東京都,新宿区,西新宿1-26-2,新宿野村ビルB2,https://torikaku-shinjuku-nomura-bldg.gorp.jp/,True
和ダイニング ゆめ咲小町 西梅田,None,050-5494-7001,大阪府,大阪市北区,堂島2-1-40,,https://kcvt100.gorp.jp/,True
全席個室 楽蔵‐RAKUZO‐ 大崎センタービル店,None,050-5486-0717,東京都,品川区,大崎1-5-1,大崎センタービル2F,https://rakuzo.dkdining.com/osaki/,True
肉と魚と、たまご。 個室居酒屋 殻YABURI 藤沢店,None,050-5494-7445,神奈川県,藤沢市,鵠沼橘1-17-15,関野ビル4F,https://gg99804.gorp.jp/,True
焼鳥 ハレツバメ 新宿アイランドタワー店,None,050-5485-6764,東京都,新宿区,西新宿6-4-1,新宿アイランドアトリウム2F,https://www.dynac-japan.com/shop/toridori/shinjuku_ilandtower/,True
贔屓屋 高槻店,None,050-5492-5381,大阪府,高槻市,高槻町10-12,,https://ke6b200.gorp.jp/,True
ちょいと。栞屋,None,050-5485-1417,京都府,京都市山科区,竹鼻竹ノ街道町65,,https://shioriya.com/choito/,True
窯焼きバルカフェ らんぷ＋k,None,050-5488-7347,東京都,墨田区,業平1-22-5 1F,,https://b369902.gorp.jp/,True
鶏料理専門店×個室 とりかく 日比谷シティ店,None,050-5484-7575,東京都,千代田区,内幸町2-2-3,日比谷国際ビルB2,https://www.kisoji.co.jp/torikaku/,True
馳走焔酒場 とも蔵,None,050-5485-6215,佐賀県,佐賀市,駅前中央1-4-6,モードビル5 3F,https://f628902.gorp.jp/,True
炉端と鮮魚 個室和創作居酒屋 空 kuu 西新宿,shinjuku@kuu-corporation.co.jp,050-5485-4446,東京都,新宿区,西新宿7-9-13,石川ビルB1,https://www.kuu-corporation.co.jp/kuu/index.html,True
つぼ八 津駅前店,None,050-5485-7976,三重県,津市,羽所町380-1,津駅東口ビル3F,https://www.tsubohachi.co.jp/,True
個室居酒屋 番屋 西新宿住友ビル店,None,050-5485-6725,東京都,新宿区,西新宿2-6-1,新宿住友ビル49F,https://www.banya-group.jp/shop/nishishinjuku/,True
大小個室・飲み放題・お好み焼 ジュウジュー 八幡店,None,050-5484-5694,千葉県,市原市,八幡1059-14,,https://1010yawataten.gorp.jp/,True
cafe オリジン,None,050-5494-2446,徳島県,名西郡石井町,高原字池北227-1,,https://s529100.gorp.jp/,True
九州 熱中屋 新宿野村ビル LIVE,necchuya-shinjukunomura@golden-magic.com,050-5486-1352,東京都,新宿区,西新宿1-26-2,新宿野村ビルB2,https://www.dd-holdings.jp/shops/nechuya/shinjukunomura#/,True
さくら麹 新橋店,None,050-5484-9045,東京都,港区,新橋1-18-12,新橋一丁目ビルB1,https://xn--y8jl1nk70sp2e4m2g.com/,True
オステリア ポルコヴィーノ,None,050-5486-3509,東京都,新宿区,神楽坂4-2,山本ビル2F,https://gcka304.gorp.jp/,True
霜降り牛タンと市場直送鮮魚 和食・個室居酒屋 たまち亭 田町店,None,050-5492-2473,東京都,港区,芝浦3-6-8,うつみビル2F,https://ghg5900.gorp.jp/,True
うっとり 北習志野店,None,050-5485-4129,千葉県,船橋市,習志野台2-4-5,ヨエムビル201,https://www.sola-japan.co.jp/,True
鶏料理専門店×個室 とりかく 丸の内国際ビル店,None,050-5484-5210,東京都,千代田区,丸の内3-1-1,国際ビルB1,https://www.kisoji.co.jp/torikaku/,True
素揚げと串焼き もり蔵,None,050-5485-6045,千葉県,船橋市,西船4-24-25,1F,https://gdcg902.gorp.jp/,True
牛タンと全席完全個室 東北郷土料理居酒屋 奥羽本荘 本厚木,None,050-5433-2948,神奈川県,厚木市,中町2-4-16,トキワヤビル,https://ghcz605.gorp.jp/,True
九州料理と焼鳥 4つの異世界酒場 川越横丁,None,050-5492-5924,埼玉県,川越市,新富町2-12-9,榎本ビル2F,https://ghes500.gorp.jp/,True
絶品小龍包 満月廬 新宿離宮 （新宿西口）,None,050-5484-9299,東京都,新宿区,西新宿1-4-15,高松ビル1〜4F,,False
じとっこ組合 大和八木店,None,050-5485-9970,奈良県,橿原市,内膳町1-2-31,,https://c744903.gorp.jp/,True
本鮪×豊洲直送海鮮 東京夜市 大泉学園,None,050-5492-1034,東京都,練馬区,東大泉5-36-12,森川ビル1F,https://ghe9700.gorp.jp/,True
食べ飲み放題280円均一酒場 にはち 天王寺店,None,050-5488-9167,大阪府,大阪市阿倍野区,阿倍野筋2-4-56,セカンドビル5Ｆ,https://kcpe702.gorp.jp/,True
さかなや道場 焼肉だんらん炎 西船橋南口店,None,047-402-3357,千葉県,船橋市,印内町603-1,田中ビル1F,https://ghwj907.gorp.jp/,True
男前料理 酒・菜 おかず,None,050-5484-5969,東京都,港区,赤坂2-12-18,1F,https://sakana-kikaku.co.jp/,True
越後長岡・寿司居酒屋 御米の郷 長岡古正寺店,None,050-5489-2113,新潟県,長岡市,古正寺1-234-4,,https://r463803.gorp.jp/,True
Nishideria,None,050-5494-1975,大阪府,大阪市中央区,天満橋京町3-8,DDC天満橋ビル2F,https://kdtu300.gorp.jp/,True
オールドイングランド 道後山の手ホテル,None,050-5485-0641,愛媛県,松山市,道後鷺谷町1-13,,https://oldengland-dogo-yamanote.gorp.jp/,True
全席個室ダイニング もんどころ 水戸サウスタワー店,None,050-5485-4498,茨城県,水戸市,宮町1-7-33,水戸サウスタワー11F,https://www.horiifood.co.jp/index.html,True
御忍び炉端 一心 大和八木店,None,050-5485-1662,奈良県,橿原市,内膳町1-1-1,,https://kcge708.gorp.jp/,True
本格中華 食べ飲み放題 福園【フクエン】 大手町店,None,050-5487-4888,東京都,千代田区,大手町2-3-1,大手町プレイス1F,https://hukuen-thuka.gorp.jp/,True
海彦 新 〜あらた〜 杉田店,None,050-5494-6148,神奈川県,横浜市磯子区,杉田1-6-6,アズサワビル1F,https://ghcg300.gorp.jp/,True
仙台個室居酒屋 彩のごとく,None,050-5485-4830,宮城県,仙台市青葉区,中央2-3-23,キラクビル2〜3F,https://ta7k800.gorp.jp/,True
和酒処 厨（みくり）,None,050-5486-5619,東京都,港区,虎ノ門2-5-5,桜ビルB1,https://a501300.gorp.jp/,True
個室×鶏料理専門店 とりかく 品川店,None,050-5484-8187,東京都,港区,港南2-15-2,品川インターシティビル3F,https://www.kisoji.co.jp/torikaku/,True
ステーキのどん中百舌鳥店,None,050-5493-4550,大阪府,堺市北区,百舌鳥梅町3-46-1,,https://kcgz616.gorp.jp/,True
新大久保ブデチゲ駅前店,None,050-5492-0385,東京都,新宿区,百人町2-2-7,2F,https://a601706.gorp.jp/,True
創業明治27年の鳥割烹 古今亭 新橋,None,050-5488-8041,東京都,港区,新橋2-9-14,,https://homepage.biglobe.ne.jp/errorpage/404.html,True
全席個室 楽蔵‐RAKUZO‐ 神田駅前店,None,050-5485-4720,東京都,千代田区,鍛冶町1-7-9,,https://rakuzo.dkdining.com/kanda/,True
信州炉端焼と日本酒の店 串の蔵 新宿東口店,None,050-5484-5113,東京都,新宿区,新宿3-34-16,池田プラザビルB1,https://e752801.gorp.jp/,True
個室居酒屋 茨城の恵み 水戸屋 品川店,None,050-5485-4466,東京都,港区,港南2-16-2,太陽生命品川ビル 3F,https://gj0g200.gorp.jp/,True
神戸牛 炭火焼肉 にくなべ屋 神戸びいどろ 大井町店,None,050-5485-7835,東京都,品川区,大井1-23-9,,https://biidoro.jp/,True
兼坂 東京丸の内店,None,050-5486-8575,東京都,千代田区,大手町2-5-6,,https://kanesaka.gorp.jp/,True
